date;temperature_blue;temperature_green;temperature_yellow;temperature_average
2018-12-03 22:37:03;20.437;20.562;20.562;20.5203333333
2018-12-03 22:37:08;20.437;20.562;20.562;20.5203333333
2018-12-06 20:19:57;22.437;22.625;22.062;22.3746666667
2018-12-06 22:05:52;23.0;22.937;22.937;22.958
2018-12-08 16:14:11;21.25;21.25;21.25;21.25
2018-12-09 11:29:43;21.25;21.375;21.187;21.2706666667
2018-12-09 20:13:30;21.062;21.0;21.0;21.0206666667
2018-12-09 21:37:31;21.187;21.187;21.187;21.187
2018-12-09 21:37:44;21.187;21.187;21.187;21.187
2018-12-09 21:37:57;21.187;21.125;21.187;21.1663333333
2018-12-09 21:38:09;21.125;21.187;21.187;21.1663333333
2018-12-09 21:38:22;21.125;21.125;21.187;21.1456666667
2018-12-09 21:38:35;21.125;21.125;21.187;21.1456666667
2018-12-09 21:38:47;21.125;21.125;21.187;21.1456666667
2018-12-09 21:41:48;21.125;21.125;21.125;21.125
2018-12-09 21:42:22;21.125;21.125;21.125;21.125
2018-12-09 21:42:35;21.125;21.125;21.125;21.125
2018-12-09 21:42:48;21.125;21.125;21.125;21.125
2018-12-09 21:43:00;21.125;21.125;21.125;21.125
2018-12-09 21:44:46;21.125;21.062;21.125;21.104
2018-12-09 22:18:11;21.125;21.125;21.187;21.1456666667
2018-12-09 22:55:41;21.125;21.125;21.125;21.125
2018-12-10 19:52:07;21.25;21.312;21.312;21.2913333333
2018-12-10 21:17:25;22.062;22.062;22.062;22.062
2018-12-10 21:17:45;22.062;22.062;22.062;22.062
2018-12-10 21:19:58;22.062;22.062;22.125;22.083
2018-12-10 21:20:33;22.062;22.062;22.062;22.062
2018-12-10 21:37:36;22.187;22.187;22.25;22.208
2018-12-10 21:38:46;22.25;22.25;22.25;22.25
2018-12-10 21:38:51;22.25;22.25;22.25;22.25
2018-12-10 21:39:27;22.25;22.25;22.25;22.25
2018-12-10 21:40:39;22.187;22.25;22.25;22.229
2018-12-10 22:06:44;22.25;22.25;22.25;22.25
2018-12-11 10:17:15;22.437;22.437;22.437;22.437
2018-12-11 12:03:16;22.562;22.562;22.562;22.562
2018-12-11 16:00:01;22.562;22.562;22.562;22.562
2018-12-11 16:00:01;22.562;22.562;22.562;22.562
2018-12-11 16:11:02;22.437;22.5;22.5;22.479
2018-12-11 17:00:01;22.187;22.187;22.25;22.208
2018-12-11 18:00:01;22.0;22.0;22.0;22.0
2018-12-11 19:00:02;21.875;21.875;21.875;21.875
2018-12-11 20:00:01;21.75;21.75;21.75;21.75
2018-12-11 21:00:01;21.562;21.562;21.562;21.562
2018-12-11 22:00:01;21.625;21.625;21.687;21.645666666666667
2018-12-11 23:00:02;21.75;21.75;21.75;21.75
2018-12-12 00:00:01;21.5;21.5;21.5;21.5
2018-12-12 01:00:01;21.312;21.312;21.312;21.312
2018-12-12 02:00:02;21.125;21.125;21.187;21.145666666666667
2018-12-12 03:00:02;21.0;21.0;21.0;21.0
2018-12-12 04:00:01;20.875;20.875;20.875;20.875
2018-12-12 05:00:01;20.75;20.75;20.75;20.75
2018-12-12 06:00:02;20.625;20.625;20.625;20.625
2018-12-12 07:00:01;20.5;20.5;20.5;20.5
2018-12-12 08:00:01;20.562;20.562;20.562;20.562
2018-12-12 09:00:02;19.75;19.625;19.375;19.583333333333332
2018-12-12 10:00:01;18.5;18.312;18.25;18.354
2018-12-12 11:00:01;18.312;18.125;18.125;18.18733333333333
2018-12-12 12:00:01;18.125;18.0;17.937;18.020666666666667
2018-12-12 13:00:02;18.0;17.875;17.812;17.895666666666667
2018-12-12 14:00:01;17.812;17.687;17.687;17.72866666666667
2018-12-12 15:00:01;17.625;17.562;17.5;17.56233333333333
2018-12-12 16:00:02;17.562;17.5;17.375;17.479
2018-12-12 17:00:01;17.437;17.375;17.25;17.354
2018-12-12 18:00:01;17.375;17.25;17.187;17.270666666666667
2018-12-12 19:00:02;17.25;17.125;17.062;17.145666666666667
2018-12-12 20:00:01;17.125;17.062;16.937;17.04133333333333
2018-12-12 21:00:01;17.875;17.875;17.5;17.75
2018-12-12 22:00:02;18.5;18.375;18.062;18.31233333333333
2018-12-12 23:00:01;18.375;18.187;18.062;18.208
2018-12-13 00:00:01;18.062;17.875;17.875;17.93733333333333
2018-12-13 01:00:01;17.875;17.687;17.687;17.749666666666666
2018-12-13 02:00:02;17.625;17.5;17.5;17.541666666666668
2018-12-13 03:00:01;17.5;17.312;17.312;17.374666666666666
2018-12-13 04:00:01;17.25;17.125;17.125;17.166666666666668
2018-12-13 05:00:02;17.125;17.0;16.937;17.020666666666667
2018-12-13 06:00:01;17.0;16.812;16.812;16.874666666666666
2018-12-13 07:00:01;17.187;17.125;16.937;17.083
2018-12-13 08:00:02;18.125;17.937;17.625;17.895666666666667
2018-12-13 09:00:02;17.75;17.625;17.437;17.604
2018-12-13 10:00:01;17.562;17.312;17.312;17.395333333333337
2018-12-13 11:00:01;17.25;17.125;17.125;17.166666666666668
2018-12-13 12:00:02;17.125;17.0;16.937;17.020666666666667
2018-12-13 13:00:01;16.937;16.812;16.75;16.833000000000002
2018-12-13 14:00:01;16.75;16.687;16.625;16.68733333333333
2018-12-13 15:00:01;16.75;16.625;16.562;16.645666666666667
2018-12-13 16:00:02;16.875;16.812;16.625;16.770666666666667
2018-12-13 17:00:01;16.687;16.5;16.437;16.54133333333333
2018-12-13 18:00:01;16.5;16.375;16.312;16.395666666666667
2018-12-13 19:00:01;16.375;16.25;16.187;16.270666666666667
2018-12-13 20:00:02;16.5;16.5;16.25;16.416666666666668
2018-12-13 21:00:01;17.625;17.312;17.0;17.31233333333333
2018-12-13 22:00:01;17.687;17.562;17.25;17.499666666666666
2018-12-13 23:00:02;17.437;17.187;17.187;17.270333333333337
2018-12-14 00:00:01;17.125;16.937;16.937;16.999666666666666
2018-12-14 01:00:01;16.937;16.75;16.75;16.81233333333333
2018-12-14 02:00:02;16.75;16.562;16.562;16.624666666666666
2018-12-14 03:00:01;16.562;16.375;16.375;16.43733333333333
2018-12-14 04:00:01;16.375;16.25;16.187;16.270666666666667
2018-12-14 05:00:02;16.25;16.062;16.0;16.104
2018-12-14 06:00:01;16.125;15.937;15.875;15.979
2018-12-14 07:00:01;16.0;15.812;15.75;15.854
2018-12-14 08:00:01;16.75;16.687;16.375;16.604
2018-12-14 09:00:02;16.5;16.312;16.187;16.333
2018-12-14 10:00:02;16.375;16.187;16.125;16.229
2018-12-14 11:00:01;16.187;16.0;15.937;16.04133333333333
2018-12-14 12:00:01;16.062;15.937;15.812;15.937
2018-12-14 13:00:02;15.937;15.812;15.687;15.812
2018-12-14 14:00:01;15.875;15.687;15.625;15.729
2018-12-14 15:00:01;15.75;15.625;15.5;15.625
2018-12-14 16:00:02;15.687;15.5;15.437;15.541333333333332
2018-12-14 17:00:02;15.562;15.437;15.312;15.437
2018-12-14 18:00:01;15.437;15.312;15.187;15.312
2018-12-14 19:00:01;15.375;15.25;15.125;15.25
2018-12-14 20:00:01;15.312;15.187;15.062;15.187
2018-12-14 21:00:02;16.437;16.187;15.875;16.166333333333334
2018-12-14 22:00:01;16.937;16.75;16.375;16.68733333333333
2018-12-14 23:00:01;16.875;16.687;16.5;16.68733333333333
2018-12-15 00:00:02;16.562;16.312;16.312;16.395333333333337
2018-12-15 01:00:01;16.25;16.125;16.062;16.145666666666667
2018-12-15 02:00:01;16.062;15.937;15.875;15.958
2018-12-15 03:00:02;15.937;15.75;15.687;15.791333333333332
2018-12-15 04:00:01;15.75;15.625;15.562;15.645666666666665
2018-12-15 05:00:01;15.625;15.5;15.375;15.5
2018-12-15 06:00:02;15.5;15.375;15.25;15.375
2018-12-15 07:00:01;15.375;15.25;15.125;15.25
2018-12-15 08:00:01;15.312;15.125;15.062;15.166333333333332
2018-12-15 09:00:02;15.125;15.062;14.937;15.041333333333332
2018-12-15 10:00:02;15.125;15.0;14.875;15.0
2018-12-15 11:00:02;16.062;15.437;15.5;15.666333333333334
2018-12-15 12:00:01;16.25;15.75;15.75;15.916666666666666
2018-12-15 13:00:01;16.75;16.0;16.187;16.31233333333333
2018-12-15 14:00:02;17.062;16.312;16.562;16.645333333333337
2018-12-15 15:00:01;17.437;16.625;16.75;16.93733333333333
2018-12-15 16:00:01;17.125;16.562;16.687;16.79133333333333
2018-12-15 17:00:02;17.812;16.937;17.125;17.291333333333334
2018-12-15 18:00:01;18.062;17.25;17.437;17.583
2018-12-15 19:00:02;18.062;17.75;17.562;17.79133333333333
2018-12-15 20:00:01;18.625;17.75;18.0;18.125
2018-12-15 21:00:02;19.25;18.125;18.375;18.583333333333332
2018-12-15 22:00:01;19.062;18.125;18.437;18.54133333333333
2018-12-15 23:00:01;19.125;18.312;18.625;18.68733333333333
2018-12-16 00:00:02;18.75;18.25;18.5;18.5
2018-12-16 01:00:01;18.375;18.125;18.187;18.229
2018-12-16 02:00:02;18.062;17.937;17.875;17.958000000000002
2018-12-16 03:00:02;17.875;17.75;17.687;17.770666666666667
2018-12-16 04:00:01;17.625;17.562;17.437;17.54133333333333
2018-12-16 05:00:01;17.437;17.375;17.25;17.354
2018-12-16 06:00:02;17.25;17.25;17.062;17.18733333333333
2018-12-16 07:00:02;17.187;17.062;16.937;17.062
2018-12-16 08:00:01;17.0;16.937;16.812;16.91633333333333
2018-12-16 09:00:02;16.937;16.812;16.687;16.812
2018-12-16 10:00:02;16.875;16.75;16.562;16.729
2018-12-16 11:00:01;17.437;16.875;16.812;17.04133333333333
2018-12-16 12:00:02;18.0;17.25;17.312;17.520666666666667
2018-12-16 13:00:01;18.562;17.562;17.75;17.958000000000002
2018-12-16 14:00:01;19.75;18.0;18.25;18.666666666666668
2018-12-16 15:00:02;20.0;18.375;18.75;19.041666666666668
2018-12-16 16:00:01;19.125;18.437;18.625;18.729
2018-12-16 17:00:01;18.937;18.437;18.562;18.645333333333337
2018-12-16 18:00:01;19.25;18.562;18.562;18.79133333333333
2018-12-16 19:00:02;19.312;19.0;18.812;19.04133333333333
2018-12-16 20:00:01;19.875;19.375;19.187;19.479
2018-12-16 21:00:01;21.062;19.812;19.625;20.166333333333334
2018-12-16 22:00:02;20.75;19.625;19.812;20.06233333333333
2018-12-16 23:00:01;20.75;19.687;20.0;20.145666666666667
2018-12-17 00:00:02;19.875;19.625;19.687;19.729
2018-12-17 01:00:01;19.562;19.437;19.437;19.47866666666667
2018-12-17 02:00:02;19.25;19.25;19.187;19.229
2018-12-17 03:00:02;19.062;19.062;19.0;19.041333333333334
2018-12-17 04:00:01;18.937;18.937;18.812;18.895333333333337
2018-12-17 05:00:01;18.625;18.75;18.812;18.729
2018-12-17 06:00:02;18.562;18.562;18.437;18.520333333333337
2018-12-17 07:00:02;18.687;18.5;18.375;18.520666666666667
2018-12-17 08:00:02;19.875;19.25;19.062;19.395666666666667
2018-12-17 09:00:01;19.062;18.937;18.812;18.937
2018-12-17 10:00:01;18.875;18.75;18.625;18.75
2018-12-17 11:00:02;18.687;18.625;18.562;18.624666666666666
2018-12-17 12:00:01;18.625;18.5;18.375;18.5
2018-12-17 13:00:01;18.5;18.437;18.312;18.41633333333333
2018-12-17 14:00:01;18.437;18.312;18.187;18.312
2018-12-17 15:00:02;18.375;18.25;18.125;18.25
2018-12-17 16:00:01;18.25;18.125;18.0;18.125
2018-12-17 17:00:01;18.125;18.062;17.937;18.04133333333333
2018-12-17 18:00:01;18.062;18.0;17.812;17.958
2018-12-17 19:00:02;18.125;17.937;17.75;17.93733333333333
2018-12-17 20:00:01;18.25;18.187;17.875;18.104
2018-12-18 20:00:01;17.937;17.5;17.375;17.604
2018-12-18 21:00:01;19.562;18.25;18.062;18.624666666666666
2018-12-18 21:41:29;19.75;18.375;18.375;18.8333333333
2018-12-18 22:00:01;19.75;18.437;18.5;18.895666666666667
2018-12-18 23:00:01;19.0;18.5;18.562;18.68733333333333
2018-12-19 00:00:02;18.687;18.5;18.437;18.54133333333333
2018-12-19 01:00:01;18.562;18.375;18.312;18.41633333333333
2018-12-19 02:00:01;18.437;18.312;18.25;18.333000000000002
2018-12-19 03:00:02;18.375;18.25;18.187;18.270666666666667
2018-12-19 04:00:01;18.375;18.125;18.062;18.18733333333333
2018-12-19 05:00:01;18.25;18.125;18.0;18.125
2018-12-19 06:00:02;18.187;18.062;17.937;18.062
2018-12-19 07:00:02;18.5;18.25;18.062;18.270666666666667
2018-12-19 08:00:01;20.125;18.937;18.75;19.270666666666667
2018-12-19 09:00:01;19.125;18.812;18.75;18.895666666666667
2018-12-19 10:00:02;18.875;18.687;18.625;18.729
2018-12-19 11:00:01;18.75;18.625;18.562;18.645666666666667
2018-12-19 12:00:01;18.687;18.5;18.437;18.54133333333333
2018-12-19 13:00:02;18.625;18.437;18.375;18.479
2018-12-19 14:00:01;18.625;18.375;18.25;18.416666666666668
2018-12-19 15:00:01;18.562;18.312;18.25;18.374666666666666
2018-12-19 16:00:02;18.5;18.25;18.125;18.291666666666668
2018-12-19 17:00:02;18.375;18.25;18.062;18.229
2018-12-19 18:00:01;18.312;18.125;18.0;18.145666666666667
2018-12-19 19:00:01;18.25;18.125;18.0;18.125
2018-12-19 20:00:02;18.75;18.25;18.125;18.375
2018-12-19 21:00:01;19.937;18.937;18.75;19.208000000000002
2018-12-19 22:00:01;20.375;19.312;19.187;19.624666666666666
2018-12-19 23:00:02;20.75;19.75;19.75;20.083333333333332
2018-12-23 20:00:01;19.875;19.625;19.562;19.68733333333333
2018-12-23 21:00:01;19.812;19.562;19.437;19.60366666666667
2018-12-23 22:00:02;20.437;19.687;19.625;19.916333333333334
2018-12-23 23:00:02;20.562;19.75;19.812;20.04133333333333
2018-12-24 00:00:01;20.125;19.75;19.75;19.875
2018-12-24 01:00:01;20.0;19.687;19.687;19.79133333333333
2018-12-24 02:00:02;19.937;19.625;19.562;19.708
2018-12-24 03:00:01;19.875;19.625;19.562;19.68733333333333
2018-12-24 04:00:01;19.75;19.562;19.5;19.604
2018-12-24 05:00:02;19.687;19.5;19.375;19.520666666666667
2018-12-24 06:00:01;19.625;19.437;19.312;19.458
2018-12-24 07:00:01;19.562;19.375;19.25;19.395666666666667
2018-12-24 08:00:02;19.562;19.312;19.25;19.374666666666666
2018-12-24 09:00:01;19.437;19.25;19.187;19.29133333333333
2018-12-24 10:00:01;20.0;19.25;19.187;19.479
2018-12-24 11:00:01;19.812;19.187;19.062;19.35366666666667
2018-12-24 12:00:02;19.5;19.25;19.25;19.333333333333332
2018-12-24 13:00:01;20.25;19.312;19.375;19.645666666666667
2018-12-24 14:00:01;20.312;19.437;19.562;19.770333333333337
2018-12-24 15:00:01;20.25;19.5;19.562;19.770666666666667
2018-12-24 16:00:02;20.25;19.562;19.625;19.81233333333333
2018-12-24 21:00:02;20.437;20.75;20.75;20.645666666666667
2018-12-24 22:00:01;20.5;20.687;20.687;20.624666666666666
2018-12-24 23:00:01;20.062;20.312;20.375;20.249666666666666
2018-12-25 00:00:01;20.687;20.812;20.812;20.770333333333337
2018-12-25 01:00:01;20.0;20.125;20.187;20.104
2018-12-25 02:00:02;19.562;19.625;19.687;19.624666666666666
2018-12-25 03:00:01;19.25;19.375;19.375;19.333333333333332
2018-12-25 04:00:01;18.937;19.0;19.0;18.979
2018-12-25 05:00:02;18.625;18.687;18.625;18.645666666666667
2018-12-25 06:00:01;18.25;18.375;18.312;18.31233333333333
2018-12-25 07:00:02;19.437;19.75;19.812;19.66633333333333
2018-12-25 08:00:01;20.187;20.562;20.687;20.47866666666667
2018-12-25 09:00:01;20.75;21.25;21.375;21.125
2018-12-25 10:00:01;21.312;21.937;22.125;21.79133333333333
2018-12-25 11:00:02;21.5;22.062;22.187;21.91633333333333
2018-12-25 12:00:01;20.687;20.937;21.0;20.874666666666666
2018-12-25 12:00:30;20.687;20.937;21.0;20.8746666667
2018-12-25 12:01:40;20.625;20.875;20.937;20.8123333333
2018-12-25 13:00:01;20.437;20.625;20.75;20.604
2018-12-25 14:00:02;21.375;21.625;21.812;21.604
2018-12-25 15:00:02;20.437;20.562;20.625;20.541333333333334
2018-12-25 16:00:01;20.062;20.25;20.25;20.18733333333333
2018-12-25 16:44:41;16.875;16.937;17.0;16.9373333333
2018-12-25 17:00:01;16.937;16.937;17.0;16.958000000000002
2018-12-25 18:00:02;16.937;17.0;17.0;16.979
2018-12-25 19:00:01;16.937;17.0;17.125;17.020666666666667
2018-12-25 20:00:01;16.937;17.0;17.187;17.04133333333333
2018-12-25 21:00:02;17.0;17.0;17.187;17.06233333333333
2018-12-25 22:00:01;16.937;17.0;17.187;17.04133333333333
2018-12-25 23:00:01;16.937;17.0;17.187;17.04133333333333
2018-12-26 00:00:02;17.0;17.0;17.187;17.06233333333333
2018-12-26 01:00:01;17.0;17.0;17.187;17.06233333333333
2018-12-26 02:00:02;17.0;17.0;17.187;17.06233333333333
2018-12-26 03:00:01;17.0;17.0;17.187;17.06233333333333
2018-12-26 04:00:01;17.0;17.0;17.187;17.06233333333333
2018-12-26 05:00:02;17.0;17.0;17.187;17.06233333333333
2018-12-26 06:00:01;17.0;17.0;17.187;17.06233333333333
2018-12-26 07:00:01;17.0;17.0;17.25;17.083333333333332
2018-12-26 08:00:01;17.0;17.0;17.187;17.06233333333333
2018-12-26 09:00:02;17.0;16.937;17.187;17.04133333333333
2018-12-26 10:00:01;17.0;16.937;17.187;17.04133333333333
2018-12-26 11:00:01;17.0;16.937;17.187;17.04133333333333
2018-12-26 12:00:01;17.0;16.937;17.187;17.04133333333333
2018-12-26 13:00:01;17.0;16.937;17.187;17.04133333333333
2018-12-26 14:00:02;17.062;16.937;17.187;17.062
2018-12-26 15:00:01;17.0;17.0;17.187;17.06233333333333
2018-12-26 16:00:01;17.0;16.937;17.187;17.04133333333333
2018-12-26 17:00:02;17.062;16.937;17.187;17.062
2018-12-26 18:00:01;17.062;16.937;17.187;17.062
2018-12-26 19:00:01;17.062;17.0;17.187;17.083
2018-12-26 20:00:02;17.062;17.0;17.187;17.083
2018-12-26 21:00:01;17.062;16.937;17.187;17.062
2018-12-26 22:00:01;17.062;16.937;17.187;17.062
2018-12-26 23:00:02;17.062;16.937;17.187;17.062
2018-12-27 00:00:01;17.062;16.937;17.187;17.062
2018-12-27 01:00:01;17.062;17.0;17.187;17.083
2018-12-27 02:00:01;17.062;16.937;17.187;17.062
2018-12-27 03:00:01;17.062;16.937;17.125;17.041333333333334
2018-12-27 04:00:02;17.062;16.937;17.187;17.062
2018-12-27 05:00:01;17.062;16.937;17.125;17.041333333333334
2018-12-27 06:00:02;17.0;16.937;17.125;17.020666666666667
2018-12-27 07:00:02;17.0;16.875;17.125;17.0
2018-12-27 08:00:01;17.0;16.875;17.062;16.979
2018-12-27 09:00:01;17.062;16.937;17.125;17.041333333333334
2018-12-27 10:00:02;17.062;16.937;17.125;17.041333333333334
2018-12-27 11:00:01;17.062;16.937;17.125;17.041333333333334
2018-12-27 12:00:02;17.062;16.937;17.187;17.062
2018-12-27 13:00:01;17.062;16.937;17.187;17.062
2018-12-27 14:00:02;17.062;17.0;17.187;17.083
2018-12-27 15:00:01;17.062;17.0;17.187;17.083
2018-12-27 16:00:01;17.062;17.0;17.187;17.083
2018-12-27 17:00:02;17.125;16.937;17.187;17.083
2018-12-27 18:00:01;17.062;17.0;17.187;17.083
2018-12-27 19:00:01;17.125;17.0;17.187;17.104
2018-12-27 20:00:02;17.125;17.0;17.187;17.104
2018-12-27 21:00:01;17.187;17.062;17.312;17.187
2018-12-27 22:00:02;17.125;17.0;17.25;17.125
2018-12-27 23:00:01;17.125;17.0;17.187;17.104
2018-12-28 00:00:01;17.125;16.937;17.187;17.083
2018-12-28 01:00:01;17.125;17.0;17.187;17.104
2018-12-28 02:00:01;17.125;16.937;17.187;17.083
2018-12-28 03:00:01;17.062;16.937;17.125;17.041333333333334
2018-12-28 04:00:01;17.062;16.937;17.125;17.041333333333334
2018-12-28 05:00:01;17.062;16.875;17.125;17.020666666666667
2018-12-28 06:00:01;17.0;16.875;17.062;16.979
2018-12-28 07:00:01;17.0;16.875;17.062;16.979
2018-12-28 08:00:01;17.0;16.812;17.062;16.958
2018-12-28 09:00:02;17.0;16.812;17.062;16.958
2018-12-28 10:00:01;17.062;16.875;17.125;17.020666666666667
2018-12-28 11:00:01;17.062;16.875;17.125;17.020666666666667
2018-12-28 12:00:02;17.062;16.875;17.125;17.020666666666667
2018-12-28 13:00:01;17.062;16.875;17.125;17.020666666666667
2018-12-28 14:00:02;17.062;16.875;17.125;17.020666666666667
2018-12-28 15:00:01;17.062;16.875;17.125;17.020666666666667
2018-12-28 16:00:01;17.062;16.875;17.125;17.020666666666667
2018-12-28 17:00:02;17.062;16.875;17.125;17.020666666666667
2018-12-28 18:00:01;17.062;16.875;17.125;17.020666666666667
2018-12-28 19:00:02;17.062;16.875;17.125;17.020666666666667
2018-12-28 20:00:01;17.062;16.875;17.125;17.020666666666667
2018-12-28 21:00:01;17.062;16.937;17.125;17.041333333333334
2018-12-28 22:00:02;17.062;16.875;17.125;17.020666666666667
2018-12-28 23:00:01;17.062;16.937;17.125;17.041333333333334
2018-12-29 00:00:02;17.062;16.937;17.125;17.041333333333334
2018-12-29 01:00:01;17.062;16.937;17.125;17.041333333333334
2018-12-29 02:00:02;17.062;16.937;17.125;17.041333333333334
2018-12-29 03:00:01;17.062;16.875;17.125;17.020666666666667
2018-12-29 04:00:01;17.062;16.875;17.125;17.020666666666667
2018-12-29 05:00:02;17.062;16.875;17.062;16.999666666666666
2018-12-29 06:00:01;17.0;16.812;17.062;16.958
2018-12-29 07:00:01;17.0;16.812;17.062;16.958
2018-12-29 08:00:01;17.0;16.812;17.0;16.93733333333333
2018-12-29 09:00:01;17.0;16.812;17.0;16.93733333333333
2018-12-29 10:00:01;17.0;16.812;17.062;16.958
2018-12-29 11:00:01;17.0;16.812;17.062;16.958
2018-12-29 12:00:01;17.0;16.812;17.062;16.958
2018-12-29 13:00:01;17.0;16.812;17.062;16.958
2018-12-29 14:00:01;17.0;16.812;17.062;16.958
2018-12-29 15:00:01;17.0;16.812;17.062;16.958
2018-12-29 16:00:02;17.0;16.812;17.062;16.958
2018-12-29 17:00:01;17.0;16.875;17.062;16.979
2018-12-29 18:00:01;17.062;16.875;17.062;16.999666666666666
2018-12-29 19:00:02;17.062;16.875;17.062;16.999666666666666
2018-12-29 20:00:01;17.062;16.875;17.125;17.020666666666667
2018-12-29 21:00:01;17.062;16.937;17.125;17.041333333333334
2018-12-29 22:00:02;17.062;16.937;17.125;17.041333333333334
2018-12-29 23:00:01;17.062;16.937;17.125;17.041333333333334
2018-12-30 00:00:01;17.062;16.937;17.125;17.041333333333334
2018-12-30 01:00:02;16.437;15.75;16.562;16.249666666666666
2018-12-30 02:00:01;16.437;15.75;16.437;16.208
2018-12-30 03:00:02;16.437;15.812;16.375;16.208000000000002
2018-12-30 04:00:01;16.5;15.875;16.437;16.270666666666667
2018-12-30 05:00:01;16.5;15.875;16.437;16.270666666666667
2018-12-30 06:00:02;16.5;15.812;16.375;16.229
2018-12-30 07:00:01;16.437;15.812;16.437;16.22866666666667
2018-12-30 08:00:02;16.437;15.875;16.5;16.270666666666667
2018-12-30 09:00:01;16.5;15.875;16.5;16.291666666666668
2018-12-30 10:00:01;16.5;15.937;16.562;16.333
2018-12-30 10:26:33;16.5;15.937;16.562;16.333
2018-12-30 11:00:02;16.5;16.0;16.562;16.354
2018-12-30 12:00:01;16.562;16.0;16.562;16.374666666666666
2018-12-30 13:00:02;16.562;16.125;16.562;16.41633333333333
2018-12-30 14:00:01;16.562;16.187;16.687;16.47866666666667
2018-12-30 15:00:01;16.562;16.187;16.687;16.47866666666667
2018-12-30 16:00:02;16.625;16.312;16.75;16.56233333333333
2018-12-30 17:00:01;16.75;16.437;16.75;16.645666666666667
2018-12-30 18:00:01;29.75;26.562;28.937;28.41633333333333
2018-12-30 19:00:02;16.937;16.625;17.062;16.874666666666666
2018-12-30 20:00:01;16.937;16.625;17.0;16.854
2018-12-30 21:00:01;17.0;16.687;17.062;16.91633333333333
2018-12-30 22:00:02;17.0;16.687;17.062;16.91633333333333
2018-12-30 23:00:01;17.0;16.625;17.062;16.895666666666667
2018-12-31 00:00:01;17.0;16.625;17.062;16.895666666666667
2018-12-31 01:00:02;17.0;16.625;17.062;16.895666666666667
2018-12-31 02:00:01;17.0;16.687;17.062;16.91633333333333
2018-12-31 03:00:01;17.0;16.625;17.062;16.895666666666667
2018-12-31 04:00:01;17.0;16.625;17.062;16.895666666666667
2018-12-31 05:00:01;17.0;16.625;17.062;16.895666666666667
2018-12-31 06:00:02;17.0;16.625;17.062;16.895666666666667
2018-12-31 07:00:02;17.0;16.625;17.062;16.895666666666667
2018-12-31 08:00:01;17.0;16.625;17.062;16.895666666666667
2018-12-31 09:00:01;17.0;16.625;17.125;16.916666666666668
2018-12-31 10:00:02;17.062;16.625;17.125;16.93733333333333
2018-12-31 11:00:02;17.062;16.625;17.125;16.93733333333333
2018-12-31 12:00:01;17.062;16.687;17.125;16.958000000000002
2018-12-31 13:00:01;17.062;16.687;17.125;16.958000000000002
2018-12-31 14:00:01;17.062;16.687;17.187;16.97866666666667
2018-12-31 15:00:01;17.125;16.75;17.187;17.020666666666667
2018-12-31 16:00:01;17.125;16.75;17.187;17.020666666666667
2018-12-31 17:00:02;17.187;16.75;17.187;17.04133333333333
2018-12-31 18:00:02;17.125;16.812;17.25;17.06233333333333
2018-12-31 19:00:01;17.125;16.812;17.25;17.06233333333333
2018-12-31 20:00:01;17.125;16.75;17.25;17.041666666666668
2018-12-31 21:00:02;17.125;16.75;17.25;17.041666666666668
2018-12-31 22:00:01;17.125;16.812;17.25;17.06233333333333
2018-12-31 23:00:02;17.125;16.812;17.25;17.06233333333333
2019-01-01 00:00:01;17.25;16.812;17.25;17.104
2019-01-01 01:00:01;17.187;16.812;17.25;17.083000000000002
2019-01-01 02:00:02;17.25;16.812;17.25;17.104
2019-01-01 03:00:01;17.187;16.812;17.25;17.083000000000002
2019-01-01 04:00:02;17.125;16.812;17.312;17.083
2019-01-01 05:00:01;17.125;16.812;17.312;17.083
2019-01-01 06:00:01;17.125;16.812;17.25;17.06233333333333
2019-01-01 07:00:01;17.125;16.812;17.25;17.06233333333333
2019-01-01 08:00:02;17.125;16.812;17.25;17.06233333333333
2019-01-01 09:00:01;17.25;16.812;17.25;17.104
2019-01-01 10:00:01;17.25;16.812;17.312;17.124666666666666
2019-01-01 11:00:02;17.25;16.875;17.312;17.145666666666667
2019-01-01 12:00:01;17.25;16.875;17.312;17.145666666666667
2019-01-01 13:00:02;17.312;16.875;17.312;17.16633333333333
2019-01-01 14:00:01;17.25;16.875;17.312;17.145666666666667
2019-01-01 15:00:01;17.25;16.937;17.375;17.18733333333333
2019-01-01 16:00:02;17.25;16.937;17.375;17.18733333333333
2019-01-01 17:00:01;17.25;16.937;17.375;17.18733333333333
2019-01-01 18:00:02;17.25;16.937;17.375;17.18733333333333
2019-01-01 19:00:02;17.25;16.937;17.375;17.18733333333333
2019-01-01 20:00:01;17.25;16.937;17.375;17.18733333333333
2019-01-01 21:00:02;17.375;16.937;17.375;17.229
2019-01-01 22:00:01;17.375;16.937;17.375;17.229
2019-01-01 23:00:01;17.375;17.0;17.375;17.25
2019-01-02 00:00:02;17.375;16.937;17.375;17.229
2019-01-02 01:00:01;17.375;16.937;17.375;17.229
2019-01-02 02:00:01;17.375;16.937;17.375;17.229
2019-01-02 03:00:01;17.312;16.937;17.375;17.208000000000002
2019-01-02 04:00:02;17.25;16.937;17.375;17.18733333333333
2019-01-02 05:00:01;17.25;16.937;17.375;17.18733333333333
2019-01-02 06:00:01;17.25;16.937;17.312;17.16633333333333
2019-01-02 07:00:01;17.25;16.875;17.312;17.145666666666667
2019-01-02 08:00:01;17.25;16.875;17.312;17.145666666666667
2019-01-02 09:00:01;17.25;16.937;17.312;17.16633333333333
2019-01-02 10:00:02;17.312;16.937;17.312;17.187
2019-01-02 11:00:01;17.25;16.937;17.312;17.16633333333333
2019-01-02 12:00:02;17.312;16.937;17.312;17.187
2019-01-02 13:00:02;17.25;16.937;17.312;17.16633333333333
2019-01-02 14:00:01;17.25;16.937;17.312;17.16633333333333
2019-01-02 15:00:01;17.25;16.937;17.312;17.16633333333333
2019-01-02 16:00:01;17.25;16.937;17.312;17.16633333333333
2019-01-02 17:00:01;17.25;16.937;17.312;17.16633333333333
2019-01-02 18:00:02;17.25;16.937;17.312;17.16633333333333
2019-01-02 19:00:01;17.25;16.937;17.312;17.16633333333333
2019-01-02 20:00:01;17.25;16.937;17.312;17.16633333333333
2019-01-02 21:00:02;17.25;16.937;17.312;17.16633333333333
2019-01-02 22:00:02;17.25;16.937;17.312;17.16633333333333
2019-01-02 23:00:01;17.25;16.937;17.312;17.16633333333333
2019-01-03 00:00:02;17.25;16.937;17.312;17.16633333333333
2019-01-03 01:00:01;17.25;16.937;17.312;17.16633333333333
2019-01-03 02:00:01;17.25;16.937;17.312;17.16633333333333
2019-01-03 03:00:01;17.25;16.875;17.25;17.125
2019-01-03 04:00:01;17.25;16.875;17.25;17.125
2019-01-03 05:00:02;17.25;16.875;17.25;17.125
2019-01-03 06:00:01;17.187;16.875;17.25;17.104
2019-01-03 07:00:01;17.125;16.875;17.187;17.06233333333333
2019-01-03 08:00:02;17.125;16.875;17.187;17.06233333333333
2019-01-03 09:00:01;17.125;16.875;17.187;17.06233333333333
2019-01-03 10:00:01;17.125;16.875;17.187;17.06233333333333
2019-01-03 11:00:02;17.125;16.875;17.187;17.06233333333333
2019-01-03 12:00:01;17.125;16.875;17.187;17.06233333333333
2019-01-03 13:00:02;17.125;16.875;17.187;17.06233333333333
2019-01-03 14:00:01;17.125;16.812;17.187;17.04133333333333
2019-01-03 15:00:01;17.125;16.875;17.187;17.06233333333333
2019-01-03 16:00:02;17.125;16.875;17.187;17.06233333333333
2019-01-03 17:00:01;17.125;16.875;17.187;17.06233333333333
2019-01-03 18:00:01;17.125;16.875;17.187;17.06233333333333
2019-01-03 19:00:02;17.125;16.875;17.187;17.06233333333333
2019-01-03 20:00:01;17.125;16.875;17.187;17.06233333333333
2019-01-03 21:00:01;17.125;16.875;17.187;17.06233333333333
2019-01-03 22:00:01;17.125;16.875;17.187;17.06233333333333
2019-01-03 23:00:01;17.125;16.875;17.187;17.06233333333333
2019-01-04 00:00:02;17.125;16.812;17.187;17.04133333333333
2019-01-04 01:00:01;17.125;16.812;17.187;17.04133333333333
2019-01-04 02:00:02;17.125;16.812;17.187;17.04133333333333
2019-01-04 03:00:01;17.125;16.812;17.187;17.04133333333333
2019-01-04 04:00:01;17.125;16.75;17.125;17.0
2019-01-04 05:00:02;17.125;16.75;17.125;17.0
2019-01-04 06:00:01;17.062;16.75;17.125;16.979
2019-01-04 07:00:01;17.062;16.75;17.125;16.979
2019-01-04 08:00:02;17.062;16.75;17.062;16.958
2019-01-04 09:00:01;17.062;16.75;17.062;16.958
2019-01-04 10:00:02;17.062;16.75;17.062;16.958
2019-01-04 11:00:01;17.062;16.75;17.062;16.958
2019-01-04 12:00:01;17.062;16.75;17.062;16.958
2019-01-04 13:00:02;17.062;16.75;17.062;16.958
2019-01-04 14:00:01;17.062;16.75;17.062;16.958
2019-01-04 15:00:01;17.062;16.75;17.062;16.958
2019-01-04 16:00:01;17.062;16.75;17.062;16.958
2019-01-04 17:00:01;17.062;16.75;17.062;16.958
2019-01-04 18:00:02;17.125;16.75;17.062;16.979
2019-01-04 19:00:01;17.062;16.75;17.062;16.958
2019-01-04 20:00:01;17.125;16.75;17.062;16.979
2019-01-04 21:00:01;17.062;16.75;17.062;16.958
2019-01-04 22:00:01;17.125;16.75;17.062;16.979
2019-01-04 23:00:01;17.062;16.75;17.062;16.958
2019-01-05 00:00:02;17.062;16.75;17.062;16.958
2019-01-05 01:00:01;17.062;16.75;17.062;16.958
2019-01-05 02:00:01;17.062;16.687;17.062;16.937
2019-01-05 03:00:01;17.0;16.687;17.062;16.91633333333333
2019-01-05 04:00:01;17.0;16.625;17.0;16.875
2019-01-05 05:00:02;17.0;16.625;17.0;16.875
2019-01-05 06:00:01;16.937;16.625;17.0;16.854
2019-01-05 07:00:01;16.937;16.625;17.0;16.854
2019-01-05 08:00:01;16.937;16.625;16.937;16.833
2019-01-05 09:00:01;16.937;16.625;16.937;16.833
2019-01-05 10:00:02;16.937;16.625;16.937;16.833
2019-01-05 11:00:01;16.937;16.625;16.937;16.833
2019-01-05 12:00:02;16.937;16.625;16.937;16.833
2019-01-05 13:00:01;16.937;16.625;16.937;16.833
2019-01-05 14:00:01;16.937;16.625;16.937;16.833
2019-01-05 15:00:01;16.937;16.625;16.937;16.833
2019-01-05 16:00:01;16.937;16.625;16.937;16.833
2019-01-05 17:00:02;17.0;16.625;16.937;16.854
2019-01-05 18:00:01;16.937;16.625;17.0;16.854
2019-01-05 19:00:01;17.0;16.625;17.0;16.875
2019-01-05 20:00:01;17.0;16.625;17.0;16.875
2019-01-05 21:00:01;17.0;16.625;17.0;16.875
2019-01-05 22:00:02;17.0;16.625;17.0;16.875
2019-01-05 23:00:01;17.0;16.625;17.0;16.875
2019-01-06 00:00:02;17.0;16.625;17.0;16.875
2019-01-06 01:00:01;17.0;16.625;17.0;16.875
2019-01-06 02:00:02;16.937;16.625;17.0;16.854
2019-01-06 03:00:01;16.937;16.625;16.937;16.833
2019-01-06 04:00:02;16.937;16.562;16.937;16.812
2019-01-06 05:00:01;16.937;16.562;16.937;16.812
2019-01-06 06:00:01;16.875;16.562;16.937;16.79133333333333
2019-01-06 07:00:01;16.875;16.562;16.875;16.770666666666667
2019-01-06 08:00:01;16.875;16.562;16.875;16.770666666666667
2019-01-06 09:00:02;16.875;16.562;16.875;16.770666666666667
2019-01-06 10:00:01;16.875;16.562;16.875;16.770666666666667
2019-01-06 11:00:01;16.875;16.562;16.875;16.770666666666667
2019-01-06 12:00:02;16.875;16.562;16.875;16.770666666666667
2019-01-06 13:00:01;16.875;16.562;16.875;16.770666666666667
2019-01-06 14:00:01;16.875;16.562;16.875;16.770666666666667
2019-01-06 15:00:01;16.875;16.562;16.875;16.770666666666667
2019-01-06 16:00:01;16.937;16.562;16.875;16.791333333333334
2019-01-06 17:00:02;16.937;16.625;16.875;16.81233333333333
2019-01-06 18:00:01;16.937;16.625;16.875;16.81233333333333
2019-01-06 19:00:01;16.937;16.625;16.937;16.833
2019-01-06 20:00:02;16.937;16.562;16.937;16.812
2019-01-06 21:00:01;16.937;16.625;16.937;16.833
2019-01-06 22:00:02;16.937;16.625;16.937;16.833
2019-01-06 23:00:01;16.937;16.625;16.937;16.833
2019-01-07 00:00:02;16.937;16.625;16.937;16.833
2019-01-07 01:00:01;16.937;16.625;16.937;16.833
2019-01-07 02:00:01;16.937;16.562;16.937;16.812
2019-01-07 03:00:02;16.937;16.562;16.937;16.812
2019-01-07 04:00:01;16.937;16.562;16.937;16.812
2019-01-07 05:00:02;16.937;16.562;16.937;16.812
2019-01-07 06:00:01;16.875;16.562;16.937;16.79133333333333
2019-01-07 07:00:01;16.875;16.5;16.937;16.770666666666667
2019-01-07 08:00:02;16.875;16.562;16.875;16.770666666666667
2019-01-07 09:00:01;16.875;16.562;16.937;16.79133333333333
2019-01-07 10:00:01;16.875;16.562;16.937;16.79133333333333
2019-01-07 11:00:02;16.937;16.562;16.937;16.812
2019-01-07 12:00:01;16.937;16.562;16.937;16.812
2019-01-07 13:00:01;16.937;16.625;16.937;16.833
2019-01-07 14:00:02;16.937;16.562;16.937;16.812
2019-01-07 15:00:01;16.937;16.562;16.937;16.812
2019-01-07 16:00:01;16.937;16.625;16.937;16.833
2019-01-07 17:00:01;17.0;16.625;17.0;16.875
2019-01-07 18:00:02;17.0;16.625;17.0;16.875
2019-01-07 19:00:01;17.0;16.625;17.0;16.875
2019-01-07 20:00:01;17.0;16.625;17.0;16.875
2019-01-07 21:00:02;17.0;16.625;17.0;16.875
2019-01-07 22:00:01;17.0;16.625;17.0;16.875
2019-01-07 23:00:01;17.0;16.625;17.0;16.875
2019-01-08 00:00:01;17.0;16.625;17.0;16.875
2019-01-08 01:00:01;17.0;16.625;17.062;16.895666666666667
2019-01-08 02:00:02;17.0;16.625;17.0;16.875
2019-01-08 03:00:02;17.0;16.562;17.0;16.854
2019-01-08 04:00:01;17.0;16.625;17.0;16.875
2019-01-08 05:00:01;17.0;16.562;17.0;16.854
2019-01-08 06:00:02;17.0;16.562;17.0;16.854
2019-01-08 07:00:01;17.0;16.562;17.0;16.854
2019-01-08 08:00:02;17.0;16.562;17.0;16.854
2019-01-08 09:00:01;17.0;16.625;17.0;16.875
2019-01-08 10:00:01;17.0;16.625;17.0;16.875
2019-01-08 11:00:01;17.0;16.625;17.0;16.875
2019-01-08 12:00:02;17.0;16.625;17.062;16.895666666666667
2019-01-08 13:00:01;17.062;16.625;17.062;16.91633333333333
2019-01-08 14:00:01;17.062;16.625;17.062;16.91633333333333
2019-01-08 15:00:02;17.062;16.625;17.062;16.91633333333333
2019-01-08 16:00:01;17.062;16.687;17.062;16.937
2019-01-08 17:00:02;17.062;16.687;17.062;16.937
2019-01-08 18:00:02;17.062;16.687;17.062;16.937
2019-01-08 19:00:01;17.062;16.687;17.062;16.937
2019-01-08 20:00:01;17.062;16.687;17.062;16.937
2019-01-08 21:00:02;17.062;16.687;17.062;16.937
2019-01-08 22:00:01;17.062;16.687;17.062;16.937
2019-01-08 23:00:01;17.062;16.687;17.062;16.937
2019-01-09 00:00:02;17.062;16.687;17.125;16.958000000000002
2019-01-09 01:00:01;17.062;16.687;17.062;16.937
2019-01-09 02:00:01;17.062;16.687;17.062;16.937
2019-01-09 03:00:02;17.062;16.687;17.062;16.937
2019-01-09 04:00:01;17.062;16.625;17.062;16.91633333333333
2019-01-09 05:00:01;17.0;16.625;17.062;16.895666666666667
2019-01-09 06:00:02;17.0;16.625;17.062;16.895666666666667
2019-01-09 07:00:01;17.0;16.625;17.062;16.895666666666667
2019-01-09 08:00:02;17.0;16.625;17.062;16.895666666666667
2019-01-09 09:00:01;17.0;16.625;17.0;16.875
2019-01-09 10:00:02;17.0;16.625;17.0;16.875
2019-01-09 11:00:01;17.0;16.625;17.0;16.875
2019-01-09 12:00:01;17.0;16.687;17.0;16.895666666666667
2019-01-09 13:00:01;17.0;16.625;17.0;16.875
2019-01-09 14:00:02;17.0;16.687;17.0;16.895666666666667
2019-01-09 15:00:01;17.0;16.687;17.062;16.91633333333333
2019-01-09 16:00:01;17.062;16.687;17.062;16.937
2019-01-09 17:00:02;17.062;16.687;17.062;16.937
2019-01-09 18:00:01;17.062;16.687;17.062;16.937
2019-01-09 19:00:02;17.062;16.687;17.062;16.937
2019-01-09 20:00:01;17.062;16.687;17.062;16.937
2019-01-09 21:00:01;17.062;16.687;17.062;16.937
2019-01-09 22:00:01;17.062;16.687;17.062;16.937
2019-01-09 23:00:02;17.062;16.687;17.062;16.937
2019-01-10 00:00:01;17.062;16.687;17.062;16.937
2019-01-10 01:00:01;17.062;16.687;17.062;16.937
2019-01-10 02:00:02;17.062;16.625;17.062;16.91633333333333
2019-01-10 03:00:01;17.0;16.625;17.062;16.895666666666667
2019-01-10 04:00:01;17.0;16.625;17.0;16.875
2019-01-10 05:00:01;17.0;16.625;17.0;16.875
2019-01-10 06:00:01;16.937;16.562;17.0;16.833000000000002
2019-01-10 07:00:01;16.937;16.562;16.937;16.812
2019-01-10 08:00:01;16.937;16.562;16.937;16.812
2019-01-10 09:00:01;16.937;16.562;16.937;16.812
2019-01-10 10:00:01;16.937;16.562;16.937;16.812
2019-01-10 11:00:02;16.937;16.562;16.937;16.812
2019-01-10 12:00:01;16.937;16.562;16.937;16.812
2019-01-10 13:00:01;16.937;16.562;16.937;16.812
2019-01-10 14:00:02;16.937;16.562;16.937;16.812
2019-01-10 15:00:01;16.937;16.562;16.937;16.812
2019-01-10 16:00:02;16.937;16.562;16.937;16.812
2019-01-10 17:00:01;16.937;16.562;16.937;16.812
2019-01-10 18:00:01;16.937;16.562;16.937;16.812
2019-01-10 19:00:02;16.937;16.562;16.937;16.812
2019-01-10 20:00:02;16.937;16.562;16.937;16.812
2019-01-10 21:00:01;16.937;16.562;16.937;16.812
2019-01-10 22:00:01;16.937;16.562;16.937;16.812
2019-01-10 23:00:02;16.937;16.562;16.937;16.812
2019-01-11 00:00:01;16.937;16.562;16.937;16.812
2019-01-11 01:00:01;16.937;16.562;16.937;16.812
2019-01-11 02:00:01;16.937;16.562;16.937;16.812
2019-01-11 03:00:01;16.875;16.5;16.875;16.75
2019-01-11 04:00:01;16.875;16.5;16.875;16.75
2019-01-11 05:00:02;16.875;16.5;16.875;16.75
2019-01-11 06:00:01;16.875;16.5;16.875;16.75
2019-01-11 07:00:02;16.812;16.5;16.875;16.729
2019-01-11 08:00:01;16.875;16.5;16.875;16.75
2019-01-11 09:00:02;16.812;16.5;16.812;16.708
2019-01-11 10:00:01;16.875;16.5;16.875;16.75
2019-01-11 11:00:01;16.875;16.5;16.875;16.75
2019-01-11 12:00:02;16.875;16.5;16.875;16.75
2019-01-11 13:00:01;16.875;16.5;16.875;16.75
2019-01-11 14:00:01;16.875;16.5;16.875;16.75
2019-01-11 15:00:02;16.875;16.562;16.875;16.770666666666667
2019-01-11 16:00:01;16.875;16.5;16.875;16.75
2019-01-11 17:00:01;16.937;16.562;16.875;16.791333333333334
2019-01-11 18:00:02;16.937;16.562;16.937;16.812
2019-01-11 19:00:01;16.937;16.562;16.937;16.812
2019-01-11 20:00:01;16.937;16.562;16.937;16.812
2019-01-11 21:00:02;16.937;16.562;16.937;16.812
2019-01-11 22:00:01;16.937;16.562;16.937;16.812
2019-01-11 23:00:01;16.937;16.562;16.937;16.812
2019-01-12 00:00:01;16.937;16.562;16.937;16.812
2019-01-12 01:00:02;16.937;16.562;16.937;16.812
2019-01-12 02:00:01;16.937;16.562;16.937;16.812
2019-01-12 03:00:01;16.937;16.562;16.937;16.812
2019-01-12 04:00:02;16.937;16.5;16.937;16.79133333333333
2019-01-12 05:00:01;16.937;16.5;16.937;16.79133333333333
2019-01-12 06:00:01;16.875;16.5;16.937;16.770666666666667
2019-01-12 07:00:01;16.875;16.5;16.937;16.770666666666667
2019-01-12 08:00:01;16.875;16.5;16.875;16.75
2019-01-12 09:00:02;16.875;16.5;16.875;16.75
2019-01-12 10:00:01;16.875;16.5;16.937;16.770666666666667
2019-01-12 11:00:01;16.875;16.5;16.875;16.75
2019-01-12 12:00:02;16.875;16.5;16.875;16.75
2019-01-12 13:00:01;16.875;16.5;16.937;16.770666666666667
2019-01-12 14:00:01;16.937;16.5;16.937;16.79133333333333
2019-01-12 15:00:01;16.937;16.5;16.937;16.79133333333333
2019-01-12 16:00:01;16.937;16.562;16.937;16.812
2019-01-12 17:00:02;16.937;16.562;16.937;16.812
2019-01-12 18:00:01;16.937;16.562;17.0;16.833000000000002
2019-01-12 19:00:02;16.937;16.562;17.0;16.833000000000002
2019-01-12 20:00:01;16.937;16.562;17.0;16.833000000000002
2019-01-12 21:00:01;16.937;16.562;17.0;16.833000000000002
2019-01-12 22:00:01;17.0;16.562;17.0;16.854
2019-01-12 23:00:01;17.0;16.562;17.0;16.854
2019-01-13 00:00:01;17.0;16.562;17.0;16.854
2019-01-13 01:00:02;17.0;16.562;17.0;16.854
2019-01-13 02:00:01;17.0;16.562;17.0;16.854
2019-01-13 03:00:02;17.0;16.562;17.0;16.854
2019-01-13 04:00:01;17.0;16.562;17.0;16.854
2019-01-13 05:00:01;17.0;16.562;17.0;16.854
2019-01-13 06:00:02;16.937;16.562;17.0;16.833000000000002
2019-01-13 07:00:02;17.0;16.562;17.0;16.854
2019-01-13 08:00:01;16.937;16.562;17.0;16.833000000000002
2019-01-13 09:00:01;16.937;16.562;17.0;16.833000000000002
2019-01-13 10:00:01;16.937;16.562;17.0;16.833000000000002
2019-01-13 11:00:01;16.937;16.562;17.0;16.833000000000002
2019-01-13 12:00:01;17.0;16.562;17.0;16.854
2019-01-13 13:00:01;17.0;16.562;17.0;16.854
2019-01-13 14:00:02;17.0;16.625;17.0;16.875
2019-01-13 15:00:01;17.0;16.625;17.0;16.875
2019-01-13 16:00:02;17.0;16.625;17.062;16.895666666666667
2019-01-13 17:00:01;17.062;16.625;17.062;16.91633333333333
2019-01-13 18:00:01;17.062;16.625;17.062;16.91633333333333
2019-01-13 19:00:02;17.062;16.625;17.062;16.91633333333333
2019-01-13 20:00:01;17.062;16.625;17.125;16.93733333333333
2019-01-13 21:00:01;17.062;16.625;17.125;16.93733333333333
2019-01-13 22:00:02;17.062;16.625;17.125;16.93733333333333
2019-01-13 23:00:01;17.062;16.625;17.125;16.93733333333333
2019-01-14 00:00:02;17.062;16.625;17.125;16.93733333333333
2019-01-14 01:00:01;17.062;16.625;17.125;16.93733333333333
2019-01-14 02:00:01;17.062;16.625;17.125;16.93733333333333
2019-01-14 03:00:01;17.062;16.687;17.125;16.958000000000002
2019-01-14 04:00:01;17.062;16.687;17.125;16.958000000000002
2019-01-14 05:00:01;17.062;16.625;17.125;16.93733333333333
2019-01-14 06:00:02;17.062;16.625;17.125;16.93733333333333
2019-01-14 07:00:02;17.062;16.625;17.125;16.93733333333333
2019-01-14 08:00:01;16.375;16.687;17.125;16.729
2019-01-14 09:00:01;16.437;16.75;17.125;16.770666666666667
2019-01-14 10:00:01;16.437;16.75;17.125;16.770666666666667
2019-01-14 11:00:01;16.437;16.75;17.125;16.770666666666667
2019-01-14 12:00:02;16.437;16.812;17.125;16.791333333333334
2019-01-14 13:00:01;16.437;16.812;17.187;16.812
2019-01-14 14:00:02;16.5;16.812;17.187;16.833
2019-01-14 15:00:02;16.5;16.812;17.187;16.833
2019-01-14 16:00:01;16.5;16.812;17.187;16.833
2019-01-14 17:00:01;16.5;16.812;17.25;16.854
2019-01-14 18:00:02;16.5;16.812;17.25;16.854
2019-01-14 19:00:01;16.5;16.875;17.25;16.875
2019-01-14 20:00:01;16.562;16.875;17.25;16.895666666666667
2019-01-14 21:00:02;16.562;16.875;17.25;16.895666666666667
2019-01-14 22:00:01;16.5;16.875;17.25;16.875
2019-01-14 23:00:01;16.562;16.875;17.25;16.895666666666667
2019-01-15 00:00:02;16.562;16.875;17.25;16.895666666666667
2019-01-15 01:00:01;16.562;16.875;17.25;16.895666666666667
2019-01-15 02:00:01;16.562;16.875;17.312;16.91633333333333
2019-01-15 03:00:02;16.562;16.937;17.312;16.937
2019-01-15 04:00:01;16.562;16.937;17.312;16.937
2019-01-15 05:00:01;16.625;16.937;17.312;16.958
2019-01-15 06:00:01;16.562;16.937;17.312;16.937
2019-01-15 07:00:02;16.625;16.937;17.312;16.958
2019-01-15 08:00:01;16.625;16.937;17.375;16.979
2019-01-15 09:00:02;16.625;16.937;17.312;16.958
2019-01-15 10:00:01;16.625;16.937;17.312;16.958
2019-01-15 11:00:01;16.625;16.937;17.375;16.979
2019-01-15 12:00:02;16.562;16.937;17.375;16.958000000000002
2019-01-15 13:00:01;16.625;16.937;17.375;16.979
2019-01-15 14:00:01;16.625;16.937;17.375;16.979
2019-01-15 15:00:02;16.625;16.937;17.375;16.979
2019-01-15 16:00:01;16.625;16.937;17.375;16.979
2019-01-15 17:00:02;16.625;17.0;17.375;17.0
2019-01-15 18:00:01;16.625;17.0;17.375;17.0
2019-01-15 19:00:01;16.687;17.0;17.375;17.020666666666667
2019-01-15 20:00:02;16.625;17.0;17.375;17.0
2019-01-15 21:00:01;16.625;17.0;17.375;17.0
2019-01-15 22:00:02;16.625;17.0;17.375;17.0
2019-01-15 23:00:01;16.625;17.0;17.375;17.0
2019-01-16 00:00:01;16.625;17.0;17.375;17.0
2019-01-16 01:00:01;16.625;17.0;17.375;17.0
2019-01-16 02:00:01;16.625;16.937;17.375;16.979
2019-01-16 03:00:01;16.625;16.937;17.375;16.979
2019-01-16 04:00:02;16.625;16.937;17.375;16.979
2019-01-16 05:00:02;16.625;16.937;17.375;16.979
2019-01-16 06:00:01;16.562;16.937;17.375;16.958000000000002
2019-01-16 07:00:01;16.562;16.937;17.375;16.958000000000002
2019-01-16 08:00:01;16.562;16.937;17.312;16.937
2019-01-16 09:00:01;16.562;16.937;17.312;16.937
2019-01-16 10:00:01;16.562;16.937;17.312;16.937
2019-01-16 11:00:01;16.625;16.937;17.312;16.958
2019-01-16 12:00:02;16.625;16.937;17.312;16.958
2019-01-16 13:00:01;16.625;16.937;17.375;16.979
2019-01-16 14:00:01;16.625;17.0;17.375;17.0
2019-01-16 15:00:02;16.625;17.0;17.375;17.0
2019-01-16 16:00:01;16.687;17.0;17.375;17.020666666666667
2019-01-16 17:00:01;16.625;17.0;17.375;17.0
2019-01-16 18:00:01;16.625;17.0;17.375;17.0
2019-01-16 19:00:01;16.625;17.0;17.375;17.0
2019-01-16 20:00:01;16.625;17.0;17.375;17.0
2019-01-16 21:00:02;16.625;17.0;17.375;17.0
2019-01-16 22:00:01;16.625;17.0;17.375;17.0
2019-01-16 23:00:01;16.625;17.0;17.375;17.0
2019-01-17 00:00:02;16.625;17.0;17.375;17.0
2019-01-17 01:00:01;16.625;17.0;17.437;17.020666666666667
2019-01-17 02:00:01;16.625;17.0;17.375;17.0
2019-01-17 03:00:02;16.625;17.0;17.437;17.020666666666667
2019-01-17 04:00:01;16.625;16.937;17.375;16.979
2019-01-17 05:00:01;16.625;16.937;17.375;16.979
2019-01-17 06:00:02;16.625;16.937;17.375;16.979
2019-01-17 07:00:02;16.625;16.937;17.375;16.979
2019-01-17 08:00:01;16.625;16.937;17.375;16.979
2019-01-17 09:00:01;16.625;16.937;17.375;16.979
2019-01-17 10:00:02;16.687;16.937;17.375;16.999666666666666
2019-01-17 11:00:01;16.625;17.0;17.375;17.0
2019-01-17 12:00:02;16.625;17.0;17.375;17.0
2019-01-17 13:00:01;16.625;17.0;17.375;17.0
2019-01-17 14:00:01;16.625;17.0;17.375;17.0
2019-01-17 15:00:02;16.625;17.0;17.375;17.0
2019-01-17 16:00:01;16.625;17.0;17.375;17.0
2019-01-17 17:00:01;16.625;17.0;17.375;17.0
2019-01-17 18:00:02;16.625;17.0;17.375;17.0
2019-01-17 19:00:01;16.625;17.0;17.437;17.020666666666667
2019-01-17 20:00:01;16.625;17.0;17.375;17.0
2019-01-17 21:00:02;16.625;17.0;17.437;17.020666666666667
2019-01-17 22:00:01;16.625;17.0;17.437;17.020666666666667
2019-01-17 23:00:02;16.625;17.0;17.437;17.020666666666667
2019-01-18 00:00:01;16.625;17.0;17.437;17.020666666666667
2019-01-18 01:00:01;16.625;17.0;17.375;17.0
2019-01-18 02:00:02;16.625;17.0;17.375;17.0
2019-01-18 03:00:01;16.625;16.937;17.375;16.979
2019-01-18 04:00:01;16.625;16.937;17.375;16.979
2019-01-18 05:00:02;16.625;16.937;17.375;16.979
2019-01-18 06:00:01;16.625;16.937;17.375;16.979
2019-01-18 07:00:02;16.562;16.875;17.312;16.91633333333333
2019-01-18 08:00:01;16.562;16.875;17.312;16.91633333333333
2019-01-18 09:00:02;16.562;16.937;17.312;16.937
2019-01-18 10:00:02;16.562;16.875;17.312;16.91633333333333
2019-01-18 11:00:01;16.562;16.937;17.312;16.937
2019-01-18 12:00:02;16.625;16.875;17.312;16.93733333333333
2019-01-18 13:00:01;16.625;16.937;17.312;16.958
2019-01-18 14:00:01;16.625;16.937;17.312;16.958
2019-01-18 15:00:01;16.625;16.937;17.312;16.958
2019-01-18 16:00:01;16.625;16.937;17.312;16.958
2019-01-18 17:00:02;16.625;16.937;17.312;16.958
2019-01-18 18:00:01;16.625;16.937;17.312;16.958
2019-01-18 19:00:01;16.625;16.937;17.312;16.958
2019-01-18 20:00:02;16.625;16.937;17.312;16.958
2019-01-18 21:00:01;16.625;16.937;17.312;16.958
2019-01-18 22:00:01;16.625;16.937;17.312;16.958
2019-01-18 23:00:01;16.562;16.937;17.312;16.937
2019-01-19 00:00:01;16.562;16.937;17.312;16.937
2019-01-19 01:00:01;16.562;16.875;17.25;16.895666666666667
2019-01-19 02:00:02;16.562;16.875;17.25;16.895666666666667
2019-01-19 03:00:01;16.562;16.875;17.25;16.895666666666667
2019-01-19 04:00:01;16.562;16.812;17.25;16.874666666666666
2019-01-19 05:00:02;16.5;16.812;17.25;16.854
2019-01-19 06:00:01;16.5;16.812;17.187;16.833
2019-01-19 07:00:01;16.437;16.75;17.187;16.79133333333333
2019-01-19 08:00:01;16.437;16.75;17.187;16.79133333333333
2019-01-19 09:00:02;16.437;16.75;17.125;16.770666666666667
2019-01-19 10:00:01;16.437;16.75;17.125;16.770666666666667
2019-01-19 11:00:01;16.437;16.75;17.125;16.770666666666667
2019-01-19 12:00:02;16.437;16.75;17.125;16.770666666666667
2019-01-19 13:00:01;16.437;16.75;17.125;16.770666666666667
2019-01-19 14:00:01;16.437;16.75;17.125;16.770666666666667
2019-01-19 15:00:02;16.437;16.75;17.062;16.749666666666666
2019-01-19 16:00:01;16.437;16.75;17.062;16.749666666666666
2019-01-19 17:00:02;16.437;16.75;17.062;16.749666666666666
2019-01-19 18:00:01;16.437;16.75;17.062;16.749666666666666
2019-01-19 19:00:01;16.437;16.687;17.062;16.72866666666667
2019-01-19 20:00:02;16.375;16.687;17.062;16.708
2019-01-19 21:00:01;16.375;16.687;17.062;16.708
2019-01-19 22:00:01;16.375;16.687;17.062;16.708
2019-01-19 23:00:02;16.375;16.687;17.062;16.708
2019-01-20 00:00:01;16.375;16.687;17.062;16.708
2019-01-20 01:00:02;16.375;16.687;17.0;16.68733333333333
2019-01-20 02:00:01;16.375;16.687;17.0;16.68733333333333
2019-01-20 03:00:01;16.375;16.625;17.0;16.666666666666668
2019-01-20 04:00:02;16.375;16.625;17.0;16.666666666666668
2019-01-20 05:00:01;16.312;16.625;17.0;16.645666666666667
2019-01-20 06:00:02;16.25;16.562;17.0;16.604
2019-01-20 07:00:01;16.25;16.562;16.937;16.583
2019-01-20 08:00:01;16.312;16.562;16.937;16.60366666666667
2019-01-20 09:00:02;16.25;16.562;16.937;16.583
2019-01-20 10:00:01;16.312;16.562;16.937;16.60366666666667
2019-01-20 11:00:01;16.25;16.562;16.937;16.583
2019-01-20 12:00:01;16.25;16.562;16.937;16.583
2019-01-20 13:00:02;16.25;16.562;16.875;16.56233333333333
2019-01-20 14:00:01;16.25;16.562;16.875;16.56233333333333
2019-01-20 15:00:01;16.25;16.562;16.875;16.56233333333333
2019-01-20 16:00:02;16.25;16.562;16.875;16.56233333333333
2019-01-20 17:00:01;16.25;16.562;16.875;16.56233333333333
2019-01-20 18:00:02;16.25;16.562;16.875;16.56233333333333
2019-01-20 19:00:01;16.25;16.562;16.875;16.56233333333333
2019-01-20 20:00:01;16.25;16.562;16.875;16.56233333333333
2019-01-20 21:00:02;16.25;16.562;16.875;16.56233333333333
2019-01-20 22:00:01;16.25;16.562;16.875;16.56233333333333
2019-01-20 23:00:01;16.25;16.562;16.875;16.56233333333333
2019-01-21 00:00:02;16.25;16.562;16.875;16.56233333333333
2019-01-21 01:00:01;16.25;16.5;16.875;16.541666666666668
2019-01-21 02:00:01;16.25;16.5;16.875;16.541666666666668
2019-01-21 03:00:01;16.187;16.5;16.812;16.499666666666666
2019-01-21 04:00:01;16.125;16.5;16.812;16.479
2019-01-21 05:00:02;16.125;16.5;16.812;16.479
2019-01-21 06:00:01;16.125;16.437;16.812;16.458
2019-01-21 07:00:02;16.062;16.437;16.75;16.416333333333334
2019-01-21 08:00:01;16.062;16.437;16.75;16.416333333333334
2019-01-21 09:00:01;16.062;16.437;16.75;16.416333333333334
2019-01-21 10:00:01;16.062;16.437;16.687;16.395333333333337
2019-01-21 11:00:01;16.125;16.437;16.75;16.43733333333333
2019-01-21 12:00:02;16.062;16.375;16.75;16.395666666666667
2019-01-21 13:00:01;16.062;16.437;16.687;16.395333333333337
2019-01-21 14:00:02;16.062;16.437;16.687;16.395333333333337
2019-01-21 15:00:01;16.062;16.437;16.687;16.395333333333337
2019-01-21 16:00:01;16.062;16.437;16.687;16.395333333333337
2019-01-21 17:00:02;16.062;16.437;16.687;16.395333333333337
2019-01-21 18:00:01;16.062;16.437;16.687;16.395333333333337
2019-01-21 19:00:02;16.062;16.375;16.687;16.374666666666666
2019-01-21 20:00:01;16.062;16.375;16.687;16.374666666666666
2019-01-21 21:00:01;16.062;16.375;16.687;16.374666666666666
2019-01-21 22:00:02;16.062;16.375;16.687;16.374666666666666
2019-01-21 23:00:01;16.062;16.375;16.687;16.374666666666666
2019-01-22 00:00:01;16.0;16.312;16.687;16.333
2019-01-22 01:00:02;16.0;16.312;16.625;16.31233333333333
2019-01-22 02:00:01;16.0;16.312;16.625;16.31233333333333
2019-01-22 03:00:01;16.0;16.312;16.625;16.31233333333333
2019-01-22 04:00:02;15.937;16.25;16.625;16.270666666666667
2019-01-22 05:00:01;15.937;16.25;16.562;16.249666666666666
2019-01-22 06:00:01;15.875;16.25;16.562;16.229
2019-01-22 07:00:01;15.875;16.25;16.562;16.229
2019-01-22 08:00:01;15.875;16.25;16.5;16.208333333333332
2019-01-22 09:00:02;15.875;16.187;16.5;16.18733333333333
2019-01-22 10:00:01;15.875;16.187;16.5;16.18733333333333
2019-01-22 11:00:01;15.875;16.187;16.437;16.16633333333333
2019-01-22 12:00:02;15.875;16.187;16.5;16.18733333333333
2019-01-22 13:00:01;15.875;16.187;16.437;16.16633333333333
2019-01-22 14:00:01;15.875;16.187;16.437;16.16633333333333
2019-01-22 15:00:02;15.875;16.187;16.437;16.16633333333333
2019-01-22 16:00:01;15.875;16.187;16.437;16.16633333333333
2019-01-22 17:00:01;15.875;16.187;16.437;16.16633333333333
2019-01-22 18:00:01;15.875;16.187;16.437;16.16633333333333
2019-01-22 19:00:01;15.875;16.187;16.5;16.18733333333333
2019-01-22 20:00:02;15.875;16.187;16.437;16.16633333333333
2019-01-22 21:00:01;15.875;16.187;16.437;16.16633333333333
2019-01-22 22:00:02;15.875;16.187;16.437;16.16633333333333
2019-01-22 23:00:01;15.875;16.187;16.437;16.16633333333333
2019-01-23 00:00:01;15.875;16.125;16.437;16.145666666666667
2019-01-23 01:00:01;15.875;16.125;16.437;16.145666666666667
2019-01-23 02:00:01;15.812;16.125;16.437;16.124666666666666
2019-01-23 03:00:01;15.875;16.062;16.375;16.104
2019-01-23 04:00:02;15.812;16.125;16.375;16.104
2019-01-23 05:00:01;15.75;16.062;16.375;16.06233333333333
2019-01-23 06:00:01;15.75;16.062;16.375;16.06233333333333
2019-01-23 07:00:01;15.75;16.062;16.312;16.041333333333334
2019-01-23 08:00:01;15.75;16.062;16.312;16.041333333333334
2019-01-23 09:00:01;15.75;16.062;16.312;16.041333333333334
2019-01-23 10:00:01;15.687;16.0;16.312;15.999666666666664
2019-01-23 11:00:01;15.75;16.062;16.312;16.041333333333334
2019-01-23 12:00:02;15.75;16.062;16.312;16.041333333333334
2019-01-23 13:00:01;15.75;16.062;16.312;16.041333333333334
2019-01-23 14:00:01;15.75;16.062;16.312;16.041333333333334
2019-01-23 15:00:02;15.75;16.062;16.312;16.041333333333334
2019-01-23 16:00:01;15.75;16.062;16.312;16.041333333333334
2019-01-23 17:00:01;15.75;16.062;16.312;16.041333333333334
2019-01-23 18:00:02;15.75;16.062;16.312;16.041333333333334
2019-01-23 19:00:01;15.75;16.0;16.312;16.020666666666667
2019-01-23 20:00:01;15.687;16.0;16.312;15.999666666666664
2019-01-23 21:00:02;15.75;16.0;16.312;16.020666666666667
2019-01-23 22:00:01;15.687;16.0;16.312;15.999666666666664
2019-01-23 23:00:02;15.625;16.0;16.312;15.979
2019-01-24 00:00:01;15.625;16.0;16.312;15.979
2019-01-24 01:00:01;15.625;16.0;16.25;15.958333333333334
2019-01-24 02:00:01;15.625;16.0;16.25;15.958333333333334
2019-01-24 03:00:01;15.625;15.937;16.25;15.937333333333333
2019-01-24 04:00:02;15.562;15.937;16.25;15.916333333333332
2019-01-24 05:00:02;15.562;15.937;16.187;15.895333333333333
2019-01-24 06:00:01;15.562;15.937;16.187;15.895333333333333
2019-01-24 07:00:01;15.562;15.875;16.187;15.874666666666664
2019-01-24 08:00:01;15.562;15.875;16.125;15.854
2019-01-24 09:00:02;15.5;15.875;16.125;15.833333333333334
2019-01-24 10:00:01;15.5;15.875;16.125;15.833333333333334
2019-01-24 11:00:02;15.562;15.875;16.125;15.854
2019-01-24 12:00:01;15.562;15.875;16.125;15.854
2019-01-24 13:00:01;15.562;15.875;16.125;15.854
2019-01-24 14:00:02;15.562;15.875;16.125;15.854
2019-01-24 15:00:01;15.562;15.875;16.125;15.854
2019-01-24 16:00:01;15.562;15.875;16.125;15.854
2019-01-24 17:00:02;15.562;15.875;16.125;15.854
2019-01-24 18:00:01;15.562;15.875;16.125;15.854
2019-01-24 19:00:01;15.562;15.875;16.125;15.854
2019-01-24 20:00:02;15.562;15.812;16.125;15.832999999999998
2019-01-24 21:00:01;15.562;15.875;16.125;15.854
2019-01-24 22:00:01;15.562;15.875;16.125;15.854
2019-01-24 23:00:01;15.562;15.875;16.125;15.854
2019-01-25 00:00:01;15.562;15.812;16.125;15.832999999999998
2019-01-25 01:00:02;15.562;15.812;16.125;15.832999999999998
2019-01-25 02:00:01;15.562;15.812;16.125;15.832999999999998
2019-01-25 03:00:02;15.5;15.812;16.125;15.812333333333333
2019-01-25 04:00:01;15.5;15.812;16.125;15.812333333333333
2019-01-25 05:00:02;15.5;15.75;16.062;15.770666666666665
2019-01-25 06:00:02;15.5;15.75;16.062;15.770666666666665
2019-01-25 07:00:02;15.437;15.75;16.062;15.749666666666664
2019-01-25 08:00:01;15.437;15.75;16.062;15.749666666666664
2019-01-25 09:00:01;15.437;15.75;16.062;15.749666666666664
2019-01-25 10:00:02;15.5;15.75;16.062;15.770666666666665
2019-01-25 11:00:01;15.5;15.812;16.062;15.791333333333332
2019-01-25 12:00:01;15.5;15.812;16.062;15.791333333333332
2019-01-25 13:00:01;15.5;15.812;16.062;15.791333333333332
2019-01-25 14:00:01;15.562;15.812;16.062;15.812
2019-01-25 15:00:01;15.562;15.812;16.062;15.812
2019-01-25 16:00:02;15.562;15.812;16.125;15.832999999999998
2019-01-25 17:00:01;15.562;15.812;16.125;15.832999999999998
2019-01-25 18:00:01;15.562;15.812;16.125;15.832999999999998
2019-01-25 19:00:02;15.562;15.812;16.125;15.832999999999998
2019-01-25 20:00:01;15.562;15.812;16.125;15.832999999999998
2019-01-25 21:00:02;15.562;15.812;16.125;15.832999999999998
2019-01-25 22:00:01;15.562;15.812;16.187;15.853666666666667
2019-01-25 23:00:01;15.562;15.812;16.125;15.832999999999998
2019-01-26 00:00:02;15.625;15.875;16.125;15.875
2019-01-26 01:00:02;15.625;15.812;16.187;15.874666666666664
2019-01-26 02:00:02;15.562;15.812;16.187;15.853666666666667
2019-01-26 03:00:02;15.562;15.812;16.187;15.853666666666667
2019-01-26 04:00:01;15.562;15.812;16.187;15.853666666666667
2019-01-26 05:00:01;15.562;15.812;16.187;15.853666666666667
2019-01-26 06:00:02;15.562;15.812;16.187;15.853666666666667
2019-01-26 07:00:02;15.562;15.812;16.125;15.832999999999998
2019-01-26 08:00:01;15.562;15.812;16.187;15.853666666666667
2019-01-26 09:00:01;15.562;15.812;16.187;15.853666666666667
2019-01-26 10:00:02;15.562;15.812;16.187;15.853666666666667
2019-01-26 11:00:01;15.562;15.812;16.187;15.853666666666667
2019-01-26 12:00:01;15.562;15.812;16.187;15.853666666666667
2019-01-26 13:00:01;15.625;15.812;16.187;15.874666666666664
2019-01-26 14:00:01;15.625;15.875;16.187;15.895666666666665
2019-01-26 15:00:01;15.625;15.875;16.187;15.895666666666665
2019-01-26 16:00:02;15.625;15.875;16.187;15.895666666666665
2019-01-26 17:00:01;15.687;15.875;16.25;15.937333333333333
2019-01-26 18:00:01;15.75;15.937;16.25;15.979
2019-01-26 19:00:02;15.75;15.875;16.25;15.958333333333334
2019-01-26 20:00:01;15.75;15.937;16.25;15.979
2019-01-26 21:00:02;15.75;15.937;16.312;15.999666666666664
2019-01-26 22:00:01;15.75;15.937;16.312;15.999666666666664
2019-01-26 23:00:01;15.75;15.937;16.312;15.999666666666664
2019-01-27 00:00:02;15.75;15.937;16.312;15.999666666666664
2019-01-27 01:00:01;15.75;15.937;16.312;15.999666666666664
2019-01-27 02:00:01;15.75;15.937;16.312;15.999666666666664
2019-01-27 03:00:02;15.75;15.937;16.312;15.999666666666664
2019-01-27 04:00:01;15.687;15.937;16.375;15.999666666666664
2019-01-27 05:00:01;15.625;15.937;16.312;15.957999999999998
2019-01-27 06:00:01;15.625;15.937;16.312;15.957999999999998
2019-01-27 07:00:01;15.625;15.937;16.312;15.957999999999998
2019-01-27 08:00:01;15.625;15.937;16.312;15.957999999999998
2019-01-27 09:00:02;15.625;15.937;16.312;15.957999999999998
2019-01-27 10:00:01;15.625;15.937;16.375;15.979
2019-01-27 11:00:01;15.625;15.937;16.375;15.979
2019-01-27 12:00:01;15.625;15.937;16.375;15.979
2019-01-27 13:00:01;15.75;16.0;16.375;16.041666666666668
2019-01-27 14:00:02;16.062;16.375;18.437;16.958
2019-01-27 15:00:02;16.062;16.375;18.5;16.979
2019-01-27 16:00:01;16.062;16.437;18.5;16.999666666666666
2019-01-27 17:00:02;16.062;16.375;18.5;16.979
2019-01-27 18:00:01;16.062;16.375;18.5;16.979
